{"eval_exact_match": 75.8561967833491, "eval_f1": 84.88923931513196}