{"eval_exact_match": 78.15515610217597, "eval_f1": 85.95853062813799}