{"eval_exact_match": 79.75402081362347, "eval_f1": 86.94919097904955}