{"eval_exact_match": 77.9848628192999, "eval_f1": 85.83414647596716}