{"eval_exact_match": 79.2336802270577, "eval_f1": 86.63419987719274}